{"cameraMode":{"drawMode":0,"name":"Shaded","section":"Shading Mode"},"sceneLighting":true,"audioPlay":false,"sceneViewState":{"m_AlwaysRefresh":true,"showFog":true,"showSkybox":true,"showFlares":true,"showImageEffects":true,"showParticleSystems":true,"showVisualEffectGraphs":true,"m_FxEnabled":true},"in2DMode":false,"pivot":{"x":0.07699999213218689,"y":0.01169729232788086,"z":-0.03499998152256012},"rotation":{"x":-0.015239279717206955,"y":0.9798039197921753,"z":-0.18164664506912232,"w":-0.08220067620277405},"size":0.6272359490394592,"orthographic":false}